slug,category,master_sha256,technical,manual_paint_export,contours_visual,evidence,webSrc_size,colored_pixel_ratio,protected_pixel_ratio,thumbnailSrc_size
dinosaurio,dinosaurios,5d9be632b43b8ed85bbd745dc3f14d99a4dd5029cfffe52613972c9861195e08,passed,pending,pending,,1200x1200,0.0,0.087898,360x360
gato,animales,3a141aa40ef82600af8826f6b7b9df5022e20fb0575935b2f0f8bf034e3ea826,passed,pending,pending,,1200x1200,0.0,0.137335,360x360
perro,animales,d6f2835a3752f4a4df786aba0abe6a2f1a7bd9a47bf576f661128a8bea425f1b,passed,pending,pending,,1200x1200,0.0,0.129051,360x360
auto,vehiculos,7eb0eb089e9e02ff22ad068e25b78c33bc35070a284fc498dcfd94ef14822602,passed,pending,pending,,1200x1200,0.0,0.111,360x360
arbol-navidad,navidad,d2bcb351eae3d05e7fe1dbd267693fcc1118c0afd8ce64c5bc8e7058253a493c,passed,pending,pending,,1200x1200,0.0,0.118881,360x360
mariposa,animales,b40f42fa685b8f945be5e447400b8ef5bf4b797b2d77f221cd2d9ebe9f230aff,passed,pending,pending,,1200x1200,0.0,0.164186,360x360
cohete,vehiculos,567b9ac41edc7a14a0226985f9278210d1c8ff159c7a51811443f9d6ba352eb3,passed,pending,pending,,1200x1200,0.0,0.099697,360x360
princesa,princesas,ba9462a15807804bfbec27464643a4df39cdff1123636edded7529ec0260ea31,passed,pending,pending,,1200x1200,0.0,0.104066,360x360
unicornio,fantasia,fd1574449627112f9a0d4937ade3f04ddece57cc6368ecab17ea958c17389c00,passed,pending,pending,,1200x1200,0.0,0.101333,360x360
castillo,fantasia,190af7bba7da5c6c928d4d9def07aeeaf4a6c71faa38846d7023eba38902e044,passed,pending,pending,,1200x1200,0.0,0.144536,360x360
elefante,animales,9dd52e1ca06ed1143d3d632703fdf7743faa643ec61d91525af16489531e5aa7,passed,pending,pending,,1200x1200,0.0,0.090183,360x360
conejo,animales,5c8809b69c378379d243ad9598ca0b0df7bd2aa4cb563b6c70eae3abced00ca2,passed,pending,pending,,1200x1200,0.0,0.092943,360x360
pez,animales,1a83543650c6b87d1d180a3c45fde1d3a843262e5211de14880ddf35a8bc1239,passed,pending,pending,,1200x1200,0.0,0.119026,360x360
buho,animales,8dce07389806e0399b6c0d8d1e693b101ef8ce0c942d526b4d787ad67d6432af,passed,pending,pending,,1200x1200,0.0,0.133257,360x360
camion,vehiculos,9736d1ec1fac866dacf7b19ce0dc2590a8438b621acf0cce1742a7b2469ec108,passed,pending,pending,,1200x1200,0.0,0.10352,360x360
avion,vehiculos,7e808bf013b4d10ebc1f4679c98f9789f1de69de666939cbb3e060fe10d81088,passed,pending,pending,,1200x1200,0.0,0.077151,360x360
barco,vehiculos,ac003db4fbbf8a1f5f473ee3611242d1dbb669421040ea288b5215eb8d94993e,passed,pending,pending,,1200x1200,0.0,0.117669,360x360
tren,vehiculos,6fe2f1e2f187d3bc45c73aea51c2c9c5c02573ed1b2852a59d165028afee8beb,passed,pending,pending,,1200x1200,0.0,0.137651,360x360
muneco-nieve,navidad,5737fad034dae0d8d2cb99481fa97284b44db1ffd26dcb0da60041e631c7490f,passed,pending,pending,,1200x1200,0.0,0.106177,360x360
regalo-navidad,navidad,bbcd39eecfadaaa69aecbda80afee49ecb2dd4d43524a95bfad7bbf238bb026b,passed,pending,pending,,1200x1200,0.0,0.160291,360x360
campana-navidad,navidad,0290f109e742db30e5deed4e33a22eb6618f111264ec11ea90d79cce3326b54e,passed,pending,pending,,1200x1200,0.0,0.111318,360x360
dragon,fantasia,3d767640d19c4d9c2feef759afb3743bf26b417ad3fe1d4a157d0de21ec84071,passed,pending,pending,,1200x1200,0.0,0.123825,360x360
hada,fantasia,592ece27d23841593ee186fefd0bd096e505ba48c7bf36490325ec8a283ef1d1,passed,pending,pending,,1200x1200,0.0,0.100306,360x360
sirena,fantasia,b4ab3016e9bb4fe90d0cd8393c7f0ed4c3e19c3a503fe4c07215e593276aa2c2,passed,pending,pending,,1200x1200,0.0,0.119265,360x360
triceratops,dinosaurios,cecc8c4110a3e9a570b631482186b4de936a731da85fcde4b804af9fcb0e2172,passed,pending,pending,,1200x1200,0.0,0.086515,360x360
brontosaurio,dinosaurios,ac794b2a4b46d2b31fe7ea004373aa27db27e0488dc5ee0d3f7947dff7319af1,passed,pending,pending,,1200x1200,0.0,0.06436,360x360
pterodactilo,dinosaurios,0445f80a473c3922c2d40d580bc1db5ba04b3c48f4bcfac64b3f05ed8660e908,passed,pending,pending,,1200x1200,0.0,0.072521,360x360
corona-real,princesas,20b6dd1bc9c77f7c88a35c0922c97ca4e376b907258fd07b03d5062dd16625ca,passed,pending,pending,,1200x1200,0.0,0.14026,360x360
carruaje-real,princesas,da3de1a38a003c83b3567865e7ade2239959ebccdfa6123dddbcdc55038d55de,passed,pending,pending,,1200x1200,0.0,0.15535,360x360
vestido-princesa,princesas,e999e6d7e4b099d66b2578346ec08b12b4f717e95533d310d3acbaf392a9bbcc,passed,pending,pending,,1200x1200,0.0,0.088999,360x360
pony-magico,fantasia,2c033e9cfee3786602ae96bb9db4604c48e2a33cc068d03a11d706bdb1005b99,passed,pending,pending,,1200x1200,0.0,0.089151,360x360
pony-princesa,princesas,ce88080e6143a313f2998b7a1b6bd8d56fbcc878c6aade5449a00ff22adf8859,passed,pending,pending,,1200x1200,0.0,0.08268,360x360
pony-3,fantasia,4001f81af25b20fc0a94930d3bed7481cbc7b24cb4b1519e4e5c0420cda40ee3,passed,pending,pending,,800x1200,0.0,0.07229,240x360
pony-4,fantasia,9600b1288e075af4d591aa8e1aa78a5bafff83401b00a812cf3af0da16acac17,passed,pending,pending,,1200x1200,0.0,0.112642,360x360
casa-1,casas,8c3f79602ebe6070d797d79bd61d5b344afe4f021cfc567ca411ae3a59ce535a,passed,pending,pending,,1200x900,0.0,0.030848,360x270
casa-2,casas,d9178d1a6b81dd333f6005e4c200600ea162ff7e62fcc4bad5b3751197db3dc4,passed,pending,pending,,1200x900,0.0,0.036422,360x270
casa-3,casas,f15c53d069ab39404baa2186fd4266c9f821eff43e08d31194149eb4b89d36a7,passed,pending,pending,,1200x900,0.0,0.028095,360x270
casa-4,vehiculos,416242d7a4a5dd2110b5319d5d0ef27d3495a04c175f8e03f008e0cfabbace5d,passed,pending,pending,,1200x900,0.0,0.016951,360x270
casa-5,casas,3fccd786bf285e9c672f68c24558ed173231be4fd98df12de49c8a3f1d75dbb7,passed,pending,pending,,1200x900,0.0,0.030769,360x270
paisaje-3,paisajes,cb75f4df5f50ea7d2039b8aaa3f1b06bb82776a06b947c9424ffd55d9612d181,passed,pending,pending,,1200x900,0.0,0.042491,360x270
paisaje-4,paisajes,148059c15f7d848cea419d20d2a9a52e2ce61a9fb24bab7197b05f3642d7d7b6,passed,pending,pending,,1200x900,0.0,0.029623,360x270
paisaje-5,paisajes,0ae43ac93574be75a3bb2d0d7799a3839364d4753f0172056d3a2466b99d30c3,passed,pending,pending,,1200x900,0.0,0.038169,360x270
casa-simple,casas,1a791b1e6d8e756fb156684740b570783cb751020519a6d4dd4abe87e2dacfa9,passed,pending,pending,,1200x835,0.0,0.076289,360x250
gabby-gato-volador,gabby,0586ce94dc5f558fccfbe90f5f0b0d8b812143305a1a949ca10ef79e09bd395c,passed,pending,pending,,1024x1024,0.0,0.105761,360x360
gabby-gato-flores,gabby,41027198e6b8e029d4cdffbe9a784c432c8b30e9c80917c5c951067dfb7c6a81,passed,pending,pending,,1024x1024,0.0,0.083955,360x360
gabby-auto,gabby,e0a97b680018dfb5ecabfa39f67f91694c94a3c84c938909578396f39e9c9727,passed,pending,pending,,600x423,0.0,0.089212,360x254
gabby-camping,gabby,b4dcdf63191dfee0dc3ff901484985ec811ec84f2a47f4d70e4b9c656d5044d7,passed,pending,pending,,365x547,0.0,0.268558,240x360
gabby-casa-auto,gabby,2b71578d3f85d2a7a5f6714f8ea993124993598700f4cd945307e8060579aa41,passed,pending,pending,,742x1050,0.0,0.144299,254x360
gabby-pintando,gabby,7dd97baa470034d307f59029aef622aa36b1c8c01c89e074a4720db2d21895a3,passed,pending,pending,,800x1200,0.0,0.224044,240x360
gabby-gato-espacial,gabby,767974e0595d012536945f00a174126b6cc4508606f35e93505f0a49243c042c,passed,pending,pending,,800x1200,0.0,0.089614,240x360
gabby-leyendo,gabby,68c88d05dab9059a8adf9ac7043a8e1d58c14de2789fa1cf22d1d8d7d30b6362,passed,pending,pending,,927x1200,0.0,0.105573,278x360
gabby-gato-simple,gabby,d92cde339fd6dcef6f9971259e0db680434c73d3ca895730ac442da0df488ad5,passed,pending,pending,,600x600,0.008856,0.113264,360x360
gabby-amigos,gabby,7c4b323b53af75284c899011236b28697f664d69d1f1c2667f355b5930c77e5d,passed,pending,pending,,1200x900,0.005044,0.166135,360x270
gabby-sala,gabby,d8423cecc1b90816d0c0423ec91dcfdb3e2c24cbd3efb9690f6c05075db0575e,passed,pending,pending,,800x1200,0.0,0.171712,240x360
gabby-gato-disfraz,gabby,87a64e6695d5864ea6a3f7f646445abbcd88efa837dd50cd400be4c34f4351c9,passed,pending,pending,,758x978,0.0,0.110438,279x360
gabby-cumpleanos,gabby,b0076728090190026d296b250a89b732a3e3d17527d3c91ea715f7e921b47177,passed,pending,pending,,1024x1024,0.0,0.145713,360x360
gabby-catrat,gabby,b944cdb0a58197f303f919de444aa06732b81cbf8e40b0cb2a05234a21c81f75,passed,pending,pending,,338x400,0.0,0.083817,304x360
gabby-gato-espacial-2,gabby,874b5b529c933b00cf78c0f70597313c91549ff854ef8709d2065398c45a4103,passed,pending,pending,,800x1200,0.0,0.068705,240x360
gabby-gato-caja,gabby,4d090bc680bc7554223846cc0179a6c37b0bea2118815abedf400b06a0a2f0fa,passed,pending,pending,,800x1200,0.0,0.067668,240x360
gabby-poster-amigos,gabby,5a2e00d448668c127432064cba250f8f8896317587ed98f4f5265d9dbbd48221,passed,pending,pending,,900x1200,0.0,0.162824,270x360
gabby-casa-magica,gabby,2ceff4c1dd691b66b7218df2b36bc5b22fedc4e4c790ed92194b04fb3d3a46f0,passed,pending,pending,,1024x1024,0.0,0.151695,360x360
gabby-casa-frontal,gabby,ca775033d4d092aa571c0996ba1f3da801a76e68f91b473958dfa89724ee6192,passed,pending,pending,,900x1200,0.0,0.153507,270x360
